id;region;departement;commune
1;synthesize Superviseur Self-enabling;Bermudian;parse index
2;orchid Directeur Fresh;redundant Palau Personal;Stagiaire Rwanda
3;optical indigo transmit;des withdrawal target;bypass hierarchy protocol
4;a Bourgogne Aquitaine;US Pizza throughput;Soft application
5;bluetooth transmit Avon;withdrawal;improvement c Adaptive
6;Soft;brand solid;quantify Bedfordshire
7;web-readiness action-items;Keyboard connecting;a
8;circuit enterprise;transmit Gloves;synthesizing online
9;hack multi-state;tertiary;payment
10;b Savings scalable;Account Reduced b;Bedfordshire a area
